{
  "reward": 374.645,
  "deliveries": 3.98,
  "breakdowns": 0.115,
  "accept_rate": 0.8009999999999999,
  "idle_rate": 0.008,
  "charge_rate": 0.16499999999999998
}