{
  "team_reward": 339.23,
  "deliveries": 8.315,
  "breakdowns": 0.485,
  "accept_rate": 0.6281666666666667,
  "idle_rate": 0.050333333333333334,
  "charge_rate": 0.3215
}